Corpus,Distance,Angle_Deg,Sample_ID,Condition,Observation_Path,RIR_Path,BCI_Obs_Repeats,BCI_L,BCI_Rho,MINT_Reg,Method,Method_Label,PESQ_Status,PESQ,DNSMOS_P808_Status,Case_Index,Case_Dir,WeakRef_Projection_SDR_dB,WeakRef_SNR_dB,WeakRef_Alignment_Lag,RIR_NPM_dB,RIR_BestNPM_dB,RIR_NPM_aligned_dB,RIR_NPM_alignment_lag,Runtime_sec,BCI_Estimation_Runtime_sec,MINT_Runtime_sec,BCI_Input_Samples,BCI_Update_Blocks,RMS_Scale_Reference,RMS_Scale_Factor,RMS_Before_Scale,Reference_RMS,mint_residual_l2,mint_residual_linf,mint_filter_acond,mint_iterations
thchs,2m,90,12,clean,floor4_room_data/original_10s_wav/2m_deg90_12.wav,floor4_room_data/sweep_groundtruth/2m_deg90_-1.wav,15,2048,0.1,0.1,BCI_ELp_p=1.0,MINT-E$\ell_p$,not_computed_no_clean_reference,,not_computed_run_p808_after_audio_generation,70,floor4_real_recording_repeat_table_rho01_reg0p1_deg90_thchs_clean_1m_2m_L2048_repeats_1_20_rmsraw/2m/L2048/repeat_15/thchs/sample_12/deg90/clean/repeats_15,2.6268478179999075,3.6987490339146594,0,-0.0026167226870410505,-2.5120434911147713,-0.002212939288241427,1.0,176.34748744498938,116.30331533402205,14.643051811493933,2400000.0,1170.0,clean_observation,0.680689264238216,0.005761484350452411,0.003921780543429447,,,,
thchs,2m,90,12,clean,floor4_room_data/original_10s_wav/2m_deg90_12.wav,floor4_room_data/sweep_groundtruth/2m_deg90_-1.wav,15,2048,0.1,0.1,BCI_Lp_p=1.0,MINT-$\ell_p$,not_computed_no_clean_reference,,not_computed_run_p808_after_audio_generation,70,floor4_real_recording_repeat_table_rho01_reg0p1_deg90_thchs_clean_1m_2m_L2048_repeats_1_20_rmsraw/2m/L2048/repeat_15/thchs/sample_12/deg90/clean/repeats_15,2.5231550122891315,3.624744274414968,0,-0.002217214121532935,-2.473124090159316,-0.002281379222828772,1.0,176.34748744498938,116.30331533402205,14.523827038705349,2400000.0,1170.0,clean_observation,0.6898749601508026,0.005684770095978217,0.003921780543429447,,,,
thchs,2m,90,12,clean,floor4_room_data/original_10s_wav/2m_deg90_12.wav,floor4_room_data/sweep_groundtruth/2m_deg90_-1.wav,15,2048,0.1,0.1,BCI_NMCFLMS,MINT-N,not_computed_no_clean_reference,,not_computed_run_p808_after_audio_generation,70,floor4_real_recording_repeat_table_rho01_reg0p1_deg90_thchs_clean_1m_2m_L2048_repeats_1_20_rmsraw/2m/L2048/repeat_15/thchs/sample_12/deg90/clean/repeats_15,1.1854715004127208,2.7106882177206226,0,-0.005069727172119849,-2.4470730768041853,-0.005150811094552682,1.0,176.34748744498938,116.30331533402205,15.21714867092669,2400000.0,1170.0,clean_observation,0.7276874607555316,0.005389374910153878,0.003921780543429447,,,,
thchs,2m,90,12,clean,floor4_room_data/original_10s_wav/2m_deg90_12.wav,floor4_room_data/sweep_groundtruth/2m_deg90_-1.wav,15,2048,0.1,0.1,BCI_RNMCFLMS,MINT-R,not_computed_no_clean_reference,,not_computed_run_p808_after_audio_generation,70,floor4_real_recording_repeat_table_rho01_reg0p1_deg90_thchs_clean_1m_2m_L2048_repeats_1_20_rmsraw/2m/L2048/repeat_15/thchs/sample_12/deg90/clean/repeats_15,3.3853822291939597,4.253142748576291,0,-0.001548969850450314,-2.3859790810615693,-0.002363496876249053,1.0,176.34748744498938,116.30331533402205,15.36567345727235,2400000.0,1170.0,clean_observation,0.6617984079362739,0.005925944360698862,0.003921780543429447,,,,
thchs,2m,90,12,clean,floor4_room_data/original_10s_wav/2m_deg90_12.wav,floor4_room_data/sweep_groundtruth/2m_deg90_-1.wav,15,2048,0.1,0.1,Oracle_MINT,MINT-Reference,not_computed_no_clean_reference,,not_computed_run_p808_after_audio_generation,70,floor4_real_recording_repeat_table_rho01_reg0p1_deg90_thchs_clean_1m_2m_L2048_repeats_1_20_rmsraw/2m/L2048/repeat_15/thchs/sample_12/deg90/clean/repeats_15,-2.5509907457819985,0.5970805542229665,-482,,,,,22.717860851436853,,22.717860851436853,,,clean_observation,1.045502807527398,0.0037510951813744167,0.003921780543429447,0.10498837099718562,0.03189833184729984,724.9683588930244,201.0
thchs,2m,90,12,clean,floor4_room_data/original_10s_wav/2m_deg90_12.wav,floor4_room_data/sweep_groundtruth/2m_deg90_-1.wav,15,2048,0.1,0.1,Unprocessed_ch1,Unprocessed,not_computed_no_clean_reference,,not_computed_run_p808_after_audio_generation,70,floor4_real_recording_repeat_table_rho01_reg0p1_deg90_thchs_clean_1m_2m_L2048_repeats_1_20_rmsraw/2m/L2048/repeat_15/thchs/sample_12/deg90/clean/repeats_15,100.0,203.28038410209828,0,,,,,,,,,,,,,,,,,
thchs,2m,90,12,clean,floor4_room_data/original_10s_wav/2m_deg90_12.wav,floor4_room_data/sweep_groundtruth/2m_deg90_-1.wav,15,2048,0.1,0.1,Unprocessed_ch2,Unprocessed,not_computed_no_clean_reference,,not_computed_run_p808_after_audio_generation,70,floor4_real_recording_repeat_table_rho01_reg0p1_deg90_thchs_clean_1m_2m_L2048_repeats_1_20_rmsraw/2m/L2048/repeat_15/thchs/sample_12/deg90/clean/repeats_15,1.7662290948329298,2.9521067520471336,0,,,,,,,,,,,,,,,,,
thchs,2m,90,12,clean,floor4_room_data/original_10s_wav/2m_deg90_12.wav,floor4_room_data/sweep_groundtruth/2m_deg90_-1.wav,15,2048,0.1,0.1,Unprocessed_ch3,Unprocessed,not_computed_no_clean_reference,,not_computed_run_p808_after_audio_generation,70,floor4_real_recording_repeat_table_rho01_reg0p1_deg90_thchs_clean_1m_2m_L2048_repeats_1_20_rmsraw/2m/L2048/repeat_15/thchs/sample_12/deg90/clean/repeats_15,1.6444397274594516,2.553350593670902,0,,,,,,,,,,,,,,,,,
thchs,2m,90,12,clean,floor4_room_data/original_10s_wav/2m_deg90_12.wav,floor4_room_data/sweep_groundtruth/2m_deg90_-1.wav,15,2048,0.1,0.1,Unprocessed_ch4,Unprocessed,not_computed_no_clean_reference,,not_computed_run_p808_after_audio_generation,70,floor4_real_recording_repeat_table_rho01_reg0p1_deg90_thchs_clean_1m_2m_L2048_repeats_1_20_rmsraw/2m/L2048/repeat_15/thchs/sample_12/deg90/clean/repeats_15,1.0023974472932242,2.7876967411065543,0,,,,,,,,,,,,,,,,,
