Corpus,Distance,Angle_Deg,Sample_ID,Condition,SNR_dB,Noise_Power,Observation_Path,RIR_Path,BCI_Obs_Repeats,BCI_L,BCI_Rho,MINT_Reg,Method,Method_Label,PESQ_Status,PESQ,DNSMOS_P808_Status,Case_Index,Case_Dir,Case_Seed,WeakRef_Projection_SDR_dB,WeakRef_SNR_dB,WeakRef_Alignment_Lag,RIR_NPM_dB,RIR_BestNPM_dB,RIR_NPM_aligned_dB,RIR_NPM_alignment_lag,Runtime_sec,BCI_Estimation_Runtime_sec,MINT_Runtime_sec,BCI_Input_Samples,BCI_Update_Blocks,RMS_Scale_Reference,RMS_Scale_Factor,RMS_Before_Scale,Reference_RMS,mint_residual_l2,mint_residual_linf,mint_filter_acond,mint_iterations
thchs,2m,90,9,snr10,10.0,1.5338950010482222e-06,floor4_room_data/original_10s_wav/2m_deg90_9.wav,floor4_room_data/sweep_groundtruth/2m_deg90_-1.wav,19,2048,0.1,0.2,BCI_ELp_p=1.0,MINT-E$\ell_p$,not_computed_no_clean_reference,,not_computed_run_p808_after_audio_generation,117,floor4_real_recording_repeat_table_L2048_rho01_1m_2m_samples9_10_noisy_snr5_10_no_ss_reg0p2_repeats_1_20_rmsraw/2m/reg0p2/thchs/sample_9/deg90/snr10/repeats_19,11955,-7.581871583821007,-1.2415025187092836,-2,-0.002909351916779168,-0.433925201281049,-0.002909351916779168,0.0,150.5407482869923,104.73263905383646,11.338569231331348,3040000.0,1483.0,noisy_observation,0.9926056404230632,0.004138942400173577,0.004108337571798464,,,,
thchs,2m,90,9,snr10,10.0,1.5338950010482222e-06,floor4_room_data/original_10s_wav/2m_deg90_9.wav,floor4_room_data/sweep_groundtruth/2m_deg90_-1.wav,19,2048,0.1,0.2,BCI_Lp_p=1.0,MINT-$\ell_p$,not_computed_no_clean_reference,,not_computed_run_p808_after_audio_generation,117,floor4_real_recording_repeat_table_L2048_rho01_1m_2m_samples9_10_noisy_snr5_10_no_ss_reg0p2_repeats_1_20_rmsraw/2m/reg0p2/thchs/sample_9/deg90/snr10/repeats_19,11955,-5.987314906389929,-0.7729861958329318,-1,-0.0015569891838377284,-0.6733930825344865,-0.0015569891838377284,0.0,150.5407482869923,104.73263905383646,11.158989951014519,3040000.0,1483.0,noisy_observation,0.9849174644875843,0.004171250607212938,0.004108337571798464,,,,
thchs,2m,90,9,snr10,10.0,1.5338950010482222e-06,floor4_room_data/original_10s_wav/2m_deg90_9.wav,floor4_room_data/sweep_groundtruth/2m_deg90_-1.wav,19,2048,0.1,0.2,BCI_NMCFLMS,MINT-N,not_computed_no_clean_reference,,not_computed_run_p808_after_audio_generation,117,floor4_real_recording_repeat_table_L2048_rho01_1m_2m_samples9_10_noisy_snr5_10_no_ss_reg0p2_repeats_1_20_rmsraw/2m/reg0p2/thchs/sample_9/deg90/snr10/repeats_19,11955,-7.249703159544826,-1.1514323799513098,-6,-0.006230690932491014,-0.06902306775669444,-0.006230690932491014,0.0,150.5407482869923,104.73263905383646,11.885119931772351,3040000.0,1483.0,noisy_observation,1.1361222112753522,0.0036161053195031333,0.004108337571798464,,,,
thchs,2m,90,9,snr10,10.0,1.5338950010482222e-06,floor4_room_data/original_10s_wav/2m_deg90_9.wav,floor4_room_data/sweep_groundtruth/2m_deg90_-1.wav,19,2048,0.1,0.2,BCI_RNMCFLMS,MINT-R,not_computed_no_clean_reference,,not_computed_run_p808_after_audio_generation,117,floor4_real_recording_repeat_table_L2048_rho01_1m_2m_samples9_10_noisy_snr5_10_no_ss_reg0p2_repeats_1_20_rmsraw/2m/reg0p2/thchs/sample_9/deg90/snr10/repeats_19,11955,-3.6476210741648307,0.09651714191097913,0,-0.0014959926527347914,-1.0080350262117699,-0.0013029133380328996,-1.0,150.5407482869923,104.73263905383646,11.175811138004065,3040000.0,1483.0,noisy_observation,0.8706587800095279,0.004718654042348835,0.004108337571798464,,,,
thchs,2m,90,9,snr10,10.0,1.5338950010482222e-06,floor4_room_data/original_10s_wav/2m_deg90_9.wav,floor4_room_data/sweep_groundtruth/2m_deg90_-1.wav,19,2048,0.1,0.2,Oracle_MINT,MINT-Reference,not_computed_no_clean_reference,,not_computed_run_p808_after_audio_generation,117,floor4_real_recording_repeat_table_L2048_rho01_1m_2m_samples9_10_noisy_snr5_10_no_ss_reg0p2_repeats_1_20_rmsraw/2m/reg0p2/thchs/sample_9/deg90/snr10/repeats_19,11955,-6.543459040188062,-4.885541191281498,-20,,,,,12.645105071365833,,12.645105071365833,,,noisy_observation,1.6371051281907505,0.002509513592654126,0.004108337571798464,0.13234356575627287,0.050187028021226876,448.1987616489207,147.0
thchs,2m,90,9,snr10,10.0,1.5338950010482222e-06,floor4_room_data/original_10s_wav/2m_deg90_9.wav,floor4_room_data/sweep_groundtruth/2m_deg90_-1.wav,19,2048,0.1,0.2,Unprocessed_ch1,Unprocessed,not_computed_no_clean_reference,,not_computed_run_p808_after_audio_generation,117,floor4_real_recording_repeat_table_L2048_rho01_1m_2m_samples9_10_noisy_snr5_10_no_ss_reg0p2_repeats_1_20_rmsraw/2m/reg0p2/thchs/sample_9/deg90/snr10/repeats_19,11955,100.0,203.66296202752264,0,,,,,,,,,,,,,,,,,
thchs,2m,90,9,snr10,10.0,1.5338950010482222e-06,floor4_room_data/original_10s_wav/2m_deg90_9.wav,floor4_room_data/sweep_groundtruth/2m_deg90_-1.wav,19,2048,0.1,0.2,Unprocessed_ch2,Unprocessed,not_computed_no_clean_reference,,not_computed_run_p808_after_audio_generation,117,floor4_real_recording_repeat_table_L2048_rho01_1m_2m_samples9_10_noisy_snr5_10_no_ss_reg0p2_repeats_1_20_rmsraw/2m/reg0p2/thchs/sample_9/deg90/snr10/repeats_19,11955,0.3172689033829158,2.090938287935564,0,,,,,,,,,,,,,,,,,
thchs,2m,90,9,snr10,10.0,1.5338950010482222e-06,floor4_room_data/original_10s_wav/2m_deg90_9.wav,floor4_room_data/sweep_groundtruth/2m_deg90_-1.wav,19,2048,0.1,0.2,Unprocessed_ch3,Unprocessed,not_computed_no_clean_reference,,not_computed_run_p808_after_audio_generation,117,floor4_real_recording_repeat_table_L2048_rho01_1m_2m_samples9_10_noisy_snr5_10_no_ss_reg0p2_repeats_1_20_rmsraw/2m/reg0p2/thchs/sample_9/deg90/snr10/repeats_19,11955,-0.8236617868898015,1.2540916830088464,0,,,,,,,,,,,,,,,,,
thchs,2m,90,9,snr10,10.0,1.5338950010482222e-06,floor4_room_data/original_10s_wav/2m_deg90_9.wav,floor4_room_data/sweep_groundtruth/2m_deg90_-1.wav,19,2048,0.1,0.2,Unprocessed_ch4,Unprocessed,not_computed_no_clean_reference,,not_computed_run_p808_after_audio_generation,117,floor4_real_recording_repeat_table_L2048_rho01_1m_2m_samples9_10_noisy_snr5_10_no_ss_reg0p2_repeats_1_20_rmsraw/2m/reg0p2/thchs/sample_9/deg90/snr10/repeats_19,11955,-1.7460755400107677,0.8936557667684448,0,,,,,,,,,,,,,,,,,
