Corpus,Distance,Angle_Deg,Sample_ID,Condition,SNR_dB,Noise_Power,Observation_Path,RIR_Path,BCI_Obs_Repeats,BCI_L,BCI_Rho,MINT_Reg,Method,Method_Label,PESQ_Status,PESQ,DNSMOS_P808_Status,Case_Index,Case_Dir,Case_Seed,WeakRef_Projection_SDR_dB,WeakRef_SNR_dB,WeakRef_Alignment_Lag,RIR_NPM_dB,RIR_BestNPM_dB,RIR_NPM_aligned_dB,RIR_NPM_alignment_lag,Runtime_sec,BCI_Estimation_Runtime_sec,MINT_Runtime_sec,BCI_Input_Samples,BCI_Update_Blocks,RMS_Scale_Reference,RMS_Scale_Factor,RMS_Before_Scale,Reference_RMS,mint_residual_l2,mint_residual_linf,mint_filter_acond,mint_iterations,Supplement_Runtime_sec,Repeat_Independent_Baseline,Computed_From_Repeat,Computed_From_Case_Dir
thchs,1m,90,10,snr5,5.0,3.963444207875891e-06,floor4_room_data/original_10s_wav/1m_deg90_10.wav,floor4_room_data/sweep_groundtruth/1m_deg90_-1.wav,16,2048,0.1,0.1,BCI_ELp_p=1.0,MINT-E$\ell_p$,not_computed_no_clean_reference,,not_computed_run_p808_after_audio_generation,72.0,floor4_real_recording_repeat_table_L2048_rho01_1m_2m_samples9_10_noisy_snr5_10_no_ss_reg0p1_repeats_1_20_rmsraw/1m/reg0p1/thchs/sample_10/deg90/snr5/repeats_16,12947.0,-7.403440455852824,-1.1616432431034431,-2,-0.0031422033340815,-0.6492333713226235,-0.0031422033340815,0.0,154.4114719275385,101.19163381122053,14.29049726948142,2560000.0,1249.0,noisy_observation,0.6756996356277606,0.006012402548604,0.0040625782113391,,,,,,,,
thchs,1m,90,10,snr5,5.0,3.963444207875891e-06,floor4_room_data/original_10s_wav/1m_deg90_10.wav,floor4_room_data/sweep_groundtruth/1m_deg90_-1.wav,16,2048,0.1,0.1,BCI_Lp_p=1.0,MINT-$\ell_p$,not_computed_no_clean_reference,,not_computed_run_p808_after_audio_generation,72.0,floor4_real_recording_repeat_table_L2048_rho01_1m_2m_samples9_10_noisy_snr5_10_no_ss_reg0p1_repeats_1_20_rmsraw/1m/reg0p1/thchs/sample_10/deg90/snr5/repeats_16,12947.0,-4.206094918326634,-0.0998026020979867,-2,-0.0010287760750778,-1.0121583906658258,-0.0045248883721073,-1.0,154.4114719275385,101.19163381122053,13.804086696356537,2560000.0,1249.0,noisy_observation,0.6990000627316403,0.0058119854745977,0.0040625782113391,,,,,,,,
thchs,1m,90,10,snr5,5.0,3.963444207875891e-06,floor4_room_data/original_10s_wav/1m_deg90_10.wav,floor4_room_data/sweep_groundtruth/1m_deg90_-1.wav,16,2048,0.1,0.1,BCI_NMCFLMS,MINT-N,not_computed_no_clean_reference,,not_computed_run_p808_after_audio_generation,72.0,floor4_real_recording_repeat_table_L2048_rho01_1m_2m_samples9_10_noisy_snr5_10_no_ss_reg0p1_repeats_1_20_rmsraw/1m/reg0p1/thchs/sample_10/deg90/snr5/repeats_16,12947.0,-7.364159055486633,-1.1512872760941997,-9,-0.0058003210701991,-0.0575370911233682,-0.0058003210701991,0.0,154.4114719275385,101.19163381122053,13.037804247811437,2560000.0,1249.0,noisy_observation,1.3030939962198778,0.0031176401879866,0.0040625782113391,,,,,,,,
thchs,1m,90,10,snr5,5.0,3.963444207875891e-06,floor4_room_data/original_10s_wav/1m_deg90_10.wav,floor4_room_data/sweep_groundtruth/1m_deg90_-1.wav,16,2048,0.1,0.1,BCI_RNMCFLMS,MINT-R,not_computed_no_clean_reference,,not_computed_run_p808_after_audio_generation,72.0,floor4_real_recording_repeat_table_L2048_rho01_1m_2m_samples9_10_noisy_snr5_10_no_ss_reg0p1_repeats_1_20_rmsraw/1m/reg0p1/thchs/sample_10/deg90/snr5/repeats_16,12947.0,-0.7142787312422991,1.5753598778364748,-2,-0.0004249874790858,-2.0706471912455977,-0.003080251622505,-1.0,154.4114719275385,101.19163381122053,11.826232520863414,2560000.0,1249.0,noisy_observation,0.755888637010146,0.0053745724071318,0.0040625782113391,,,,,,,,
thchs,1m,90,10,snr5,5.0,,,,16,2048,0.1,0.1,GWPE_K50_d2_i2,GWPE,not_computed_no_clean_reference,,not_computed_run_p808_after_audio_generation,,/hpc_stor01/home/yujie.xiong_sx/RIR-dereverb+CTF/floor4_real_recording_repeat_table_L2048_rho01_1m_2m_samples9_10_noisy_snr5_10_no_ss_reg0p1_repeats_1_20_rmsraw/1m/reg0p1/thchs/sample_10/deg90/snr5/repeats_16,,8.405276500048052,8.376755173912974,0,,,,,10.667082108004251,,,,,noisy_observation,0.06082571098110781,0.06676489135604403,0.004061021985307798,,,,,44.171197566989576,True,1.0,/hpc_stor01/home/yujie.xiong_sx/RIR-dereverb+CTF/floor4_real_recording_repeat_table_L2048_rho01_1m_2m_samples9_10_noisy_snr5_10_no_ss_reg0p1_repeats_1_20_rmsraw/1m/reg0p1/thchs/sample_10/deg90/snr5/repeats_1
thchs,1m,90,10,snr5,5.0,3.963444207875891e-06,floor4_room_data/original_10s_wav/1m_deg90_10.wav,floor4_room_data/sweep_groundtruth/1m_deg90_-1.wav,16,2048,0.1,0.1,Oracle_MINT,MINT-Reference,not_computed_no_clean_reference,,not_computed_run_p808_after_audio_generation,72.0,floor4_real_recording_repeat_table_L2048_rho01_1m_2m_samples9_10_noisy_snr5_10_no_ss_reg0p1_repeats_1_20_rmsraw/1m/reg0p1/thchs/sample_10/deg90/snr5/repeats_16,12947.0,-8.817174045369203,-4.588167092236849,-21,,,,,13.672912497073412,,13.672912497073412,,,noisy_observation,1.124643982560799,0.0036123237880922,0.0040625782113391,0.1309576162017057,0.0437452125968925,442.9940751363632,146.0,,,,
thchs,1m,90,10,snr5,5.0,3.963444207875891e-06,floor4_room_data/original_10s_wav/1m_deg90_10.wav,floor4_room_data/sweep_groundtruth/1m_deg90_-1.wav,16,2048,0.1,0.1,Unprocessed_ch1,Unprocessed,not_computed_no_clean_reference,,not_computed_run_p808_after_audio_generation,72.0,floor4_real_recording_repeat_table_L2048_rho01_1m_2m_samples9_10_noisy_snr5_10_no_ss_reg0p1_repeats_1_20_rmsraw/1m/reg0p1/thchs/sample_10/deg90/snr5/repeats_16,12947.0,100.0,203.62276978782748,0,,,,,,,,,,,,,,,,,,,,,
thchs,1m,90,10,snr5,5.0,3.963444207875891e-06,floor4_room_data/original_10s_wav/1m_deg90_10.wav,floor4_room_data/sweep_groundtruth/1m_deg90_-1.wav,16,2048,0.1,0.1,Unprocessed_ch2,Unprocessed,not_computed_no_clean_reference,,not_computed_run_p808_after_audio_generation,72.0,floor4_real_recording_repeat_table_L2048_rho01_1m_2m_samples9_10_noisy_snr5_10_no_ss_reg0p1_repeats_1_20_rmsraw/1m/reg0p1/thchs/sample_10/deg90/snr5/repeats_16,12947.0,-1.7988867547685108,0.9465236703659908,-1,,,,,,,,,,,,,,,,,,,,,
thchs,1m,90,10,snr5,5.0,3.963444207875891e-06,floor4_room_data/original_10s_wav/1m_deg90_10.wav,floor4_room_data/sweep_groundtruth/1m_deg90_-1.wav,16,2048,0.1,0.1,Unprocessed_ch3,Unprocessed,not_computed_no_clean_reference,,not_computed_run_p808_after_audio_generation,72.0,floor4_real_recording_repeat_table_L2048_rho01_1m_2m_samples9_10_noisy_snr5_10_no_ss_reg0p1_repeats_1_20_rmsraw/1m/reg0p1/thchs/sample_10/deg90/snr5/repeats_16,12947.0,-1.8376521515917816,0.6423479407466387,-2,,,,,,,,,,,,,,,,,,,,,
thchs,1m,90,10,snr5,5.0,3.963444207875891e-06,floor4_room_data/original_10s_wav/1m_deg90_10.wav,floor4_room_data/sweep_groundtruth/1m_deg90_-1.wav,16,2048,0.1,0.1,Unprocessed_ch4,Unprocessed,not_computed_no_clean_reference,,not_computed_run_p808_after_audio_generation,72.0,floor4_real_recording_repeat_table_L2048_rho01_1m_2m_samples9_10_noisy_snr5_10_no_ss_reg0p1_repeats_1_20_rmsraw/1m/reg0p1/thchs/sample_10/deg90/snr5/repeats_16,12947.0,-1.8822548768858884,0.9957897203696175,-1,,,,,,,,,,,,,,,,,,,,,
thchs,1m,90,10,snr5,5.0,,,,16,2048,0.1,0.1,WPE,WPE,not_computed_no_clean_reference,,not_computed_run_p808_after_audio_generation,,/hpc_stor01/home/yujie.xiong_sx/RIR-dereverb+CTF/floor4_real_recording_repeat_table_L2048_rho01_1m_2m_samples9_10_noisy_snr5_10_no_ss_reg0p1_repeats_1_20_rmsraw/1m/reg0p1/thchs/sample_10/deg90/snr5/repeats_16,,11.716082097310036,11.297616109272866,0,,,,,33.50409825198585,,,,,noisy_observation,0.04651929545254805,0.08729758148315549,0.004061021985307798,,,,,44.171197566989576,True,1.0,/hpc_stor01/home/yujie.xiong_sx/RIR-dereverb+CTF/floor4_real_recording_repeat_table_L2048_rho01_1m_2m_samples9_10_noisy_snr5_10_no_ss_reg0p1_repeats_1_20_rmsraw/1m/reg0p1/thchs/sample_10/deg90/snr5/repeats_1
