Corpus,Distance,Angle_Deg,Sample_ID,Condition,Observation_Path,RIR_Path,BCI_Obs_Repeats,BCI_L,BCI_Rho,MINT_Reg,Method,Method_Label,PESQ_Status,PESQ,DNSMOS_P808_Status,Case_Index,Case_Dir,WeakRef_Projection_SDR_dB,WeakRef_SNR_dB,WeakRef_Alignment_Lag,RIR_NPM_dB,RIR_BestNPM_dB,RIR_NPM_aligned_dB,RIR_NPM_alignment_lag,Runtime_sec,BCI_Estimation_Runtime_sec,MINT_Runtime_sec,BCI_Input_Samples,BCI_Update_Blocks,RMS_Scale_Reference,RMS_Scale_Factor,RMS_Before_Scale,Reference_RMS,mint_residual_l2,mint_residual_linf,mint_filter_acond,mint_iterations,SNR_dB,Supplement_Runtime_sec,Repeat_Independent_Baseline,Computed_From_Repeat,Computed_From_Case_Dir
thchs,2m,90,10,clean,floor4_room_data/original_10s_wav/2m_deg90_10.wav,floor4_room_data/sweep_groundtruth/2m_deg90_-1.wav,19,2048,0.1,0.2,BCI_ELp_p=1.0,MINT-E$\ell_p$,not_computed_no_clean_reference,,not_computed_run_p808_after_audio_generation,78.0,floor4_real_recording_repeat_table_rho01_reg0p2_deg90_thchs_clean_1m_2m_L2048_samples9_10_repeats_1_20_rmsraw/2m/L2048/repeat_19/thchs/sample_10/deg90/clean/repeats_19,1.0843173731167923,2.7429727217720155,-1,-0.0138027260306451,-3.744903246892473,-0.0138027260306451,0.0,158.93456336669624,119.3849914073944,9.771151844412088,3040000.0,1483.0,clean_observation,0.8183922255301713,0.0040532543421013,0.0033171518416721,,,,,,,,,
thchs,2m,90,10,clean,floor4_room_data/original_10s_wav/2m_deg90_10.wav,floor4_room_data/sweep_groundtruth/2m_deg90_-1.wav,19,2048,0.1,0.2,BCI_Lp_p=1.0,MINT-$\ell_p$,not_computed_no_clean_reference,,not_computed_run_p808_after_audio_generation,78.0,floor4_real_recording_repeat_table_rho01_reg0p2_deg90_thchs_clean_1m_2m_L2048_samples9_10_repeats_1_20_rmsraw/2m/L2048/repeat_19/thchs/sample_10/deg90/clean/repeats_19,0.7078955126353765,2.5008165213673115,-1,-0.0132611103392207,-3.678317002116081,-0.0132611103392207,0.0,158.93456336669624,119.3849914073944,9.507661702111363,3040000.0,1483.0,clean_observation,0.8177050794034495,0.004056660433236,0.0033171518416721,,,,,,,,,
thchs,2m,90,10,clean,floor4_room_data/original_10s_wav/2m_deg90_10.wav,floor4_room_data/sweep_groundtruth/2m_deg90_-1.wav,19,2048,0.1,0.2,BCI_NMCFLMS,MINT-N,not_computed_no_clean_reference,,not_computed_run_p808_after_audio_generation,78.0,floor4_real_recording_repeat_table_rho01_reg0p2_deg90_thchs_clean_1m_2m_L2048_samples9_10_repeats_1_20_rmsraw/2m/L2048/repeat_19/thchs/sample_10/deg90/clean/repeats_19,-1.9802659178629411,0.9703643854251476,-1,-0.0166966594972205,-2.7561862447406456,-0.0166966594972205,0.0,158.93456336669624,119.3849914073944,10.316703779622912,3040000.0,1483.0,clean_observation,0.8703091938420693,0.0038114636328592,0.0033171518416721,,,,,,,,,
thchs,2m,90,10,clean,floor4_room_data/original_10s_wav/2m_deg90_10.wav,floor4_room_data/sweep_groundtruth/2m_deg90_-1.wav,19,2048,0.1,0.2,BCI_RNMCFLMS,MINT-R,not_computed_no_clean_reference,,not_computed_run_p808_after_audio_generation,78.0,floor4_real_recording_repeat_table_rho01_reg0p2_deg90_thchs_clean_1m_2m_L2048_samples9_10_repeats_1_20_rmsraw/2m/L2048/repeat_19/thchs/sample_10/deg90/clean/repeats_19,1.616187359459032,3.096342419293155,-1,-0.0148954612939079,-3.6939703789825353,-0.0148954612939079,0.0,158.93456336669624,119.3849914073944,9.701161358505487,3040000.0,1483.0,clean_observation,0.7876981643715475,0.0042111966127516,0.0033171518416721,,,,,,,,,
thchs,2m,90,10,clean,,,19,2048,0.1,0.2,GWPE_K50_d2_i2,GWPE,not_computed_no_clean_reference,,not_computed_run_p808_after_audio_generation,,/hpc_stor01/home/yujie.xiong_sx/RIR-dereverb+CTF/floor4_real_recording_repeat_table_rho01_reg0p2_deg90_thchs_clean_1m_2m_L2048_samples9_10_repeats_1_20_rmsraw/2m/L2048/repeat_19/thchs/sample_10/deg90/clean/repeats_19,4.548218369670834,5.257131589337773,0,,,,,11.705120836995775,,,,,clean_observation,0.05667527212318442,0.058529085391284215,0.003317151841672131,,,,,,45.74546257799375,True,1.0,/hpc_stor01/home/yujie.xiong_sx/RIR-dereverb+CTF/floor4_real_recording_repeat_table_rho01_reg0p2_deg90_thchs_clean_1m_2m_L2048_samples9_10_repeats_1_20_rmsraw/2m/L2048/repeat_1/thchs/sample_10/deg90/clean/repeats_1
thchs,2m,90,10,clean,floor4_room_data/original_10s_wav/2m_deg90_10.wav,floor4_room_data/sweep_groundtruth/2m_deg90_-1.wav,19,2048,0.1,0.2,Oracle_MINT,MINT-Reference,not_computed_no_clean_reference,,not_computed_run_p808_after_audio_generation,78.0,floor4_real_recording_repeat_table_rho01_reg0p2_deg90_thchs_clean_1m_2m_L2048_samples9_10_repeats_1_20_rmsraw/2m/L2048/repeat_19/thchs/sample_10/deg90/clean/repeats_19,-6.795015646898211,-4.761882416165171,-20,,,,,13.919334234669805,,13.919334234669805,,,clean_observation,1.5264912998994935,0.002173056500152,0.0033171518416721,0.1323435657562728,0.0501870280212268,448.1987616489207,147.0,,,,,
thchs,2m,90,10,clean,floor4_room_data/original_10s_wav/2m_deg90_10.wav,floor4_room_data/sweep_groundtruth/2m_deg90_-1.wav,19,2048,0.1,0.2,Unprocessed_ch1,Unprocessed,not_computed_no_clean_reference,,not_computed_run_p808_after_audio_generation,78.0,floor4_real_recording_repeat_table_rho01_reg0p2_deg90_thchs_clean_1m_2m_L2048_samples9_10_repeats_1_20_rmsraw/2m/L2048/repeat_19/thchs/sample_10/deg90/clean/repeats_19,100.0,201.98286594269655,0,,,,,,,,,,,,,,,,,,,,,,
thchs,2m,90,10,clean,floor4_room_data/original_10s_wav/2m_deg90_10.wav,floor4_room_data/sweep_groundtruth/2m_deg90_-1.wav,19,2048,0.1,0.2,Unprocessed_ch2,Unprocessed,not_computed_no_clean_reference,,not_computed_run_p808_after_audio_generation,78.0,floor4_real_recording_repeat_table_rho01_reg0p2_deg90_thchs_clean_1m_2m_L2048_samples9_10_repeats_1_20_rmsraw/2m/L2048/repeat_19/thchs/sample_10/deg90/clean/repeats_19,2.691620187440561,3.874461005708546,0,,,,,,,,,,,,,,,,,,,,,,
thchs,2m,90,10,clean,floor4_room_data/original_10s_wav/2m_deg90_10.wav,floor4_room_data/sweep_groundtruth/2m_deg90_-1.wav,19,2048,0.1,0.2,Unprocessed_ch3,Unprocessed,not_computed_no_clean_reference,,not_computed_run_p808_after_audio_generation,78.0,floor4_real_recording_repeat_table_rho01_reg0p2_deg90_thchs_clean_1m_2m_L2048_samples9_10_repeats_1_20_rmsraw/2m/L2048/repeat_19/thchs/sample_10/deg90/clean/repeats_19,0.8455089201642608,2.273001781763928,0,,,,,,,,,,,,,,,,,,,,,,
thchs,2m,90,10,clean,floor4_room_data/original_10s_wav/2m_deg90_10.wav,floor4_room_data/sweep_groundtruth/2m_deg90_-1.wav,19,2048,0.1,0.2,Unprocessed_ch4,Unprocessed,not_computed_no_clean_reference,,not_computed_run_p808_after_audio_generation,78.0,floor4_real_recording_repeat_table_rho01_reg0p2_deg90_thchs_clean_1m_2m_L2048_samples9_10_repeats_1_20_rmsraw/2m/L2048/repeat_19/thchs/sample_10/deg90/clean/repeats_19,-0.6447913872823395,1.6982552090089604,0,,,,,,,,,,,,,,,,,,,,,,
thchs,2m,90,10,clean,,,19,2048,0.1,0.2,WPE,WPE,not_computed_no_clean_reference,,not_computed_run_p808_after_audio_generation,,/hpc_stor01/home/yujie.xiong_sx/RIR-dereverb+CTF/floor4_real_recording_repeat_table_rho01_reg0p2_deg90_thchs_clean_1m_2m_L2048_samples9_10_repeats_1_20_rmsraw/2m/L2048/repeat_19/thchs/sample_10/deg90/clean/repeats_19,7.223595584335887,7.479331889579248,0,,,,,34.04032742101117,,,,,clean_observation,0.03562757941546852,0.09310629282414606,0.003317151841672131,,,,,,45.74546257799375,True,1.0,/hpc_stor01/home/yujie.xiong_sx/RIR-dereverb+CTF/floor4_real_recording_repeat_table_rho01_reg0p2_deg90_thchs_clean_1m_2m_L2048_samples9_10_repeats_1_20_rmsraw/2m/L2048/repeat_1/thchs/sample_10/deg90/clean/repeats_1
