Corpus,Distance,Angle_Deg,Sample_ID,Condition,SNR_dB,Noise_Power,Observation_Path,RIR_Path,BCI_Obs_Repeats,BCI_L,BCI_Rho,MINT_Reg,Method,Frontend,Method_Label,PESQ_Status,PESQ,DNSMOS_P808_Status,Case_Index,Case_Dir,Case_Seed,Denoise_Frame_Size,Denoise_Overlap,Denoise_Noise_Percentile,Denoise_Alpha,Denoise_Spectral_Floor,WeakRef_Projection_SDR_dB,WeakRef_SNR_dB,WeakRef_Alignment_Lag,RMS_Scale_Reference,RMS_Scale_Factor,RMS_Before_Scale,Reference_RMS,Runtime_sec,RIR_NPM_dB,RIR_BestNPM_dB,RIR_NPM_aligned_dB,RIR_NPM_alignment_lag,BCI_Estimation_Runtime_sec,MINT_Runtime_sec,BCI_Input_Samples,BCI_Update_Blocks,mint_residual_l2,mint_residual_linf,mint_filter_acond,mint_iterations
thchs,2m,90,11,snr5,5.0,2.1185577228927474e-06,floor4_room_data/original_10s_wav/2m_deg90_11.wav,floor4_room_data/sweep_groundtruth/2m_deg90_-1.wav,10,2048,0.1,0.1,SpecSub_BCI_ELp_p=1.0,specsub,SS+ELp MINT,not_computed_no_clean_reference,,not_computed_run_p808_after_audio_generation,139,floor4_real_recording_repeat_table_L2048_rho01_2m_samples11_12_noisy_snr5_10_ss_frontend_repeats_1_20_rmsraw/reg0p1/thchs/sample_11/deg90/snr5/repeats_10,13941,512,0.5,10.0,1.2,0.02,-6.782744729668382,-0.878322698299564,-1,noisy_observation,0.9199249524877974,0.0032261553850005233,0.002967820839264858,177.78402293939143,-0.004046365638917782,-1.1121173964003936,-0.004046365638917782,0.0,104.18606767710298,18.328224346973002,1600000.0,780.0,,,,
thchs,2m,90,11,snr5,5.0,2.1185577228927474e-06,floor4_room_data/original_10s_wav/2m_deg90_11.wav,floor4_room_data/sweep_groundtruth/2m_deg90_-1.wav,10,2048,0.1,0.1,SpecSub_BCI_Lp_p=1.0,specsub,SS+Lp MINT,not_computed_no_clean_reference,,not_computed_run_p808_after_audio_generation,139,floor4_real_recording_repeat_table_L2048_rho01_2m_samples11_12_noisy_snr5_10_ss_frontend_repeats_1_20_rmsraw/reg0p1/thchs/sample_11/deg90/snr5/repeats_10,13941,512,0.5,10.0,1.2,0.02,-5.9861467212630615,-0.6320269219572383,0,noisy_observation,0.9314849126963554,0.003186117991620446,0.002967820839264858,177.78402293939143,-0.0031503895845101048,-1.3135425457069803,-0.0031503895845101048,0.0,104.18606767710298,18.43463593814522,1600000.0,780.0,,,,
thchs,2m,90,11,snr5,5.0,2.1185577228927474e-06,floor4_room_data/original_10s_wav/2m_deg90_11.wav,floor4_room_data/sweep_groundtruth/2m_deg90_-1.wav,10,2048,0.1,0.1,SpecSub_BCI_NMCFLMS,specsub,SS+NMCFLMS MINT,not_computed_no_clean_reference,,not_computed_run_p808_after_audio_generation,139,floor4_real_recording_repeat_table_L2048_rho01_2m_samples11_12_noisy_snr5_10_ss_frontend_repeats_1_20_rmsraw/reg0p1/thchs/sample_11/deg90/snr5/repeats_10,13941,512,0.5,10.0,1.2,0.02,-11.527220169751285,-1.9291074243240325,-6,noisy_observation,1.0518412151874184,0.0028215483443820447,0.002967820839264858,177.78402293939143,-0.0007352293688461402,-0.06926881157570815,-0.0007352293688461402,0.0,104.18606767710298,19.8199370643124,1600000.0,780.0,,,,
thchs,2m,90,11,snr5,5.0,2.1185577228927474e-06,floor4_room_data/original_10s_wav/2m_deg90_11.wav,floor4_room_data/sweep_groundtruth/2m_deg90_-1.wav,10,2048,0.1,0.1,SpecSub_BCI_RNMCFLMS,specsub,SS+RNMCFLMS MINT,not_computed_no_clean_reference,,not_computed_run_p808_after_audio_generation,139,floor4_real_recording_repeat_table_L2048_rho01_2m_samples11_12_noisy_snr5_10_ss_frontend_repeats_1_20_rmsraw/reg0p1/thchs/sample_11/deg90/snr5/repeats_10,13941,512,0.5,10.0,1.2,0.02,-2.1048173420527587,0.9510069607305514,0,noisy_observation,0.9447976749543662,0.0031412236904670666,0.002967820839264858,177.78402293939143,-0.0022422077979249626,-1.7790520401391188,-0.0022422077979249626,0.0,104.18606767710298,16.710136032663286,1600000.0,780.0,,,,
thchs,2m,90,11,snr5,5.0,2.1185577228927474e-06,floor4_room_data/original_10s_wav/2m_deg90_11.wav,floor4_room_data/sweep_groundtruth/2m_deg90_-1.wav,10,2048,0.1,0.1,SpecSub_GWPE_K50_d2_i2,specsub,SS+GWPE,not_computed_no_clean_reference,,not_computed_run_p808_after_audio_generation,139,floor4_real_recording_repeat_table_L2048_rho01_2m_samples11_12_noisy_snr5_10_ss_frontend_repeats_1_20_rmsraw/reg0p1/thchs/sample_11/deg90/snr5/repeats_10,13941,512,0.5,10.0,1.2,0.02,6.341925691123772,6.782790108172508,0,noisy_observation,0.03795173502483935,0.07819987247809418,0.002967820839264858,22.24398817587644,,,,,,,,,,,,
thchs,2m,90,11,snr5,5.0,2.1185577228927474e-06,floor4_room_data/original_10s_wav/2m_deg90_11.wav,floor4_room_data/sweep_groundtruth/2m_deg90_-1.wav,10,2048,0.1,0.1,SpecSub_Oracle_MINT,specsub,SS+Oracle MINT,not_computed_no_clean_reference,,not_computed_run_p808_after_audio_generation,139,floor4_real_recording_repeat_table_L2048_rho01_2m_samples11_12_noisy_snr5_10_ss_frontend_repeats_1_20_rmsraw/reg0p1/thchs/sample_11/deg90/snr5/repeats_10,13941,512,0.5,10.0,1.2,0.02,-11.047096908049078,-4.250838136312213,-17,noisy_observation,1.6628400919189092,0.0017847902836165127,0.002967820839264858,21.66597579885274,,,,,,21.66597579885274,,,0.10498837099718562,0.03189833184729984,724.9683588930244,201.0
thchs,2m,90,11,snr5,5.0,2.1185577228927474e-06,floor4_room_data/original_10s_wav/2m_deg90_11.wav,floor4_room_data/sweep_groundtruth/2m_deg90_-1.wav,10,2048,0.1,0.1,SpecSub_WPE,specsub,SS+WPE,not_computed_no_clean_reference,,not_computed_run_p808_after_audio_generation,139,floor4_real_recording_repeat_table_L2048_rho01_2m_samples11_12_noisy_snr5_10_ss_frontend_repeats_1_20_rmsraw/reg0p1/thchs/sample_11/deg90/snr5/repeats_10,13941,512,0.5,10.0,1.2,0.02,7.061469525759186,7.339964946566109,0,noisy_observation,0.027922089269617142,0.10628935430323376,0.002967820839264858,64.94092000834644,,,,,,,,,,,,
thchs,2m,90,11,snr5,5.0,2.1185577228927474e-06,floor4_room_data/original_10s_wav/2m_deg90_11.wav,floor4_room_data/sweep_groundtruth/2m_deg90_-1.wav,10,2048,0.1,0.1,SpecSub_ch1,specsub,SS ch1,not_computed_no_clean_reference,,not_computed_run_p808_after_audio_generation,139,floor4_real_recording_repeat_table_L2048_rho01_2m_samples11_12_noisy_snr5_10_ss_frontend_repeats_1_20_rmsraw/reg0p1/thchs/sample_11/deg90/snr5/repeats_10,13941,512,0.5,10.0,1.2,0.02,13.529919057123198,13.264455128843888,0,noisy_observation,1.277571402292795,0.002323017589418998,0.002967820839264858,,,,,,,,,,,,,
thchs,2m,90,11,snr5,5.0,2.1185577228927474e-06,floor4_room_data/original_10s_wav/2m_deg90_11.wav,floor4_room_data/sweep_groundtruth/2m_deg90_-1.wav,10,2048,0.1,0.1,SpecSub_ch2,specsub,SS ch2,not_computed_no_clean_reference,,not_computed_run_p808_after_audio_generation,139,floor4_real_recording_repeat_table_L2048_rho01_2m_samples11_12_noisy_snr5_10_ss_frontend_repeats_1_20_rmsraw/reg0p1/thchs/sample_11/deg90/snr5/repeats_10,13941,512,0.5,10.0,1.2,0.02,-2.2830989324092203,0.862981926887239,0,noisy_observation,1.168511743965988,0.002539829706111403,0.002967820839264858,,,,,,,,,,,,,
thchs,2m,90,11,snr5,5.0,2.1185577228927474e-06,floor4_room_data/original_10s_wav/2m_deg90_11.wav,floor4_room_data/sweep_groundtruth/2m_deg90_-1.wav,10,2048,0.1,0.1,SpecSub_ch3,specsub,SS ch3,not_computed_no_clean_reference,,not_computed_run_p808_after_audio_generation,139,floor4_real_recording_repeat_table_L2048_rho01_2m_samples11_12_noisy_snr5_10_ss_frontend_repeats_1_20_rmsraw/reg0p1/thchs/sample_11/deg90/snr5/repeats_10,13941,512,0.5,10.0,1.2,0.02,-2.862049878281556,0.5879254051756668,0,noisy_observation,1.1518950477554408,0.002576468094943105,0.002967820839264858,,,,,,,,,,,,,
thchs,2m,90,11,snr5,5.0,2.1185577228927474e-06,floor4_room_data/original_10s_wav/2m_deg90_11.wav,floor4_room_data/sweep_groundtruth/2m_deg90_-1.wav,10,2048,0.1,0.1,SpecSub_ch4,specsub,SS ch4,not_computed_no_clean_reference,,not_computed_run_p808_after_audio_generation,139,floor4_real_recording_repeat_table_L2048_rho01_2m_samples11_12_noisy_snr5_10_ss_frontend_repeats_1_20_rmsraw/reg0p1/thchs/sample_11/deg90/snr5/repeats_10,13941,512,0.5,10.0,1.2,0.02,-3.6516542182759872,0.23780513370637038,0,noisy_observation,1.230518862803004,0.0024118450590057978,0.002967820839264858,,,,,,,,,,,,,
