Corpus,Distance,Angle_Deg,Sample_ID,Condition,Observation_Path,RIR_Path,BCI_Obs_Repeats,BCI_L,BCI_Rho,MINT_Reg,Method,Method_Label,PESQ_Status,PESQ,DNSMOS_P808_Status,Case_Index,Case_Dir,Case_Seed,Saved_Audio,WeakRef_Projection_SDR_dB,WeakRef_SNR_dB,WeakRef_Alignment_Lag,RIR_NPM_dB,RIR_BestNPM_dB,RIR_NPM_aligned_dB,RIR_NPM_alignment_lag,Runtime_sec,BCI_Estimation_Runtime_sec,MINT_Runtime_sec,BCI_Input_Samples,BCI_Update_Blocks,RMS_Scale_Reference,RMS_Scale_Factor,RMS_Before_Scale,Reference_RMS,mint_residual_l2,mint_residual_linf,mint_filter_acond,mint_iterations,SNR_dB,Supplement_Runtime_sec,Repeat_Independent_Baseline,Computed_From_Repeat,Computed_From_Case_Dir
timit,2m,90,2,clean,floor4_room_data/original_10s_wav/2m_deg90_2.wav,floor4_room_data/sweep_groundtruth/2m_deg90_-1.wav,5,2048,0.1,0.1,BCI_ELp_p=1.0,MINT-E$\ell_p$,not_computed_no_clean_reference,,not_computed_run_p808_after_audio_generation,97.0,floor4_real_recording_repeat_table_L2048_rho01_timit_2m_clean_reg0_reg0p1_reg0p2_repeats_1_20_raw_only/2m/reg0p1/timit/sample_2/deg90/clean/repeats_5,4931.0,raw_only,1.0120881329507707,2.396418873709785,0,-0.0014109685679912,-1.561997712890689,-0.003764364684173,1.0,101.6012403871864,48.75635362230241,12.888210780918598,800000.0,389.0,clean_observation,0.6375733712635727,0.0060253000410606,0.0038415708600535,,,,,,,,,
timit,2m,90,2,clean,floor4_room_data/original_10s_wav/2m_deg90_2.wav,floor4_room_data/sweep_groundtruth/2m_deg90_-1.wav,5,2048,0.1,0.1,BCI_Lp_p=1.0,MINT-$\ell_p$,not_computed_no_clean_reference,,not_computed_run_p808_after_audio_generation,97.0,floor4_real_recording_repeat_table_L2048_rho01_timit_2m_clean_reg0_reg0p1_reg0p2_repeats_1_20_raw_only/2m/reg0p1/timit/sample_2/deg90/clean/repeats_5,4931.0,raw_only,1.0120881329507707,2.396418873709785,0,-0.0014109685679912,-1.561997712890689,-0.003764364684173,1.0,101.6012403871864,48.75635362230241,12.969152681529522,800000.0,389.0,clean_observation,0.6375733712635725,0.0060253000410606,0.0038415708600535,,,,,,,,,
timit,2m,90,2,clean,floor4_room_data/original_10s_wav/2m_deg90_2.wav,floor4_room_data/sweep_groundtruth/2m_deg90_-1.wav,5,2048,0.1,0.1,BCI_NMCFLMS,MINT-N,not_computed_no_clean_reference,,not_computed_run_p808_after_audio_generation,97.0,floor4_real_recording_repeat_table_L2048_rho01_timit_2m_clean_reg0_reg0p1_reg0p2_repeats_1_20_raw_only/2m/reg0p1/timit/sample_2/deg90/clean/repeats_5,4931.0,raw_only,0.6662012980665272,2.178355295703083,0,-0.0023298625057229,-1.5700947216917416,-0.0049784173858468,1.0,101.6012403871864,48.75635362230241,13.36605101171881,800000.0,389.0,clean_observation,0.6497352685138065,0.0059125170607418,0.0038415708600535,,,,,,,,,
timit,2m,90,2,clean,floor4_room_data/original_10s_wav/2m_deg90_2.wav,floor4_room_data/sweep_groundtruth/2m_deg90_-1.wav,5,2048,0.1,0.1,BCI_RNMCFLMS,MINT-R,not_computed_no_clean_reference,,not_computed_run_p808_after_audio_generation,97.0,floor4_real_recording_repeat_table_L2048_rho01_timit_2m_clean_reg0_reg0p1_reg0p2_repeats_1_20_raw_only/2m/reg0p1/timit/sample_2/deg90/clean/repeats_5,4931.0,raw_only,1.1831628725205807,2.506224147631928,0,-0.0011223350926374,-1.5483650815957786,-0.0031436859389308,1.0,101.6012403871864,48.75635362230241,13.32955929543823,800000.0,389.0,clean_observation,0.6292744111475855,0.0061047625519172,0.0038415708600535,,,,,,,,,
timit,2m,90,2,clean,,,5,2048,0.1,0.1,GWPE_K50_d2_i2,GWPE,not_computed_no_clean_reference,,not_computed_run_p808_after_audio_generation,,/hpc_stor01/home/yujie.xiong_sx/RIR-dereverb+CTF/floor4_real_recording_repeat_table_L2048_rho01_timit_2m_clean_reg0_reg0p1_reg0p2_repeats_1_20_raw_only/2m/reg0p1/timit/sample_2/deg90/clean/repeats_5,,,2.886600772068621,3.6664418212366523,0,,,,,13.179215134994593,,,,,clean_observation,0.0487998073605849,0.0787210250988895,0.0038415708600535764,,,,,,50.99426935199881,True,1.0,/hpc_stor01/home/yujie.xiong_sx/RIR-dereverb+CTF/floor4_real_recording_repeat_table_L2048_rho01_timit_2m_clean_reg0_reg0p1_reg0p2_repeats_1_20_raw_only/2m/reg0p1/timit/sample_2/deg90/clean/repeats_1
timit,2m,90,2,clean,floor4_room_data/original_10s_wav/2m_deg90_2.wav,floor4_room_data/sweep_groundtruth/2m_deg90_-1.wav,5,2048,0.1,0.1,Oracle_MINT,MINT-Reference,not_computed_no_clean_reference,,not_computed_run_p808_after_audio_generation,97.0,floor4_real_recording_repeat_table_L2048_rho01_timit_2m_clean_reg0_reg0p1_reg0p2_repeats_1_20_raw_only/2m/reg0p1/timit/sample_2/deg90/clean/repeats_5,4931.0,raw_only,-6.75719631610443,-5.007464976061414,-18,,,,,22.94269037712365,,22.94269037712365,,,clean_observation,1.5741287628941996,0.0024404425804344,0.0038415708600535,0.1049883709971856,0.0318983318472998,724.9683588930244,201.0,,,,,
timit,2m,90,2,clean,floor4_room_data/original_10s_wav/2m_deg90_2.wav,floor4_room_data/sweep_groundtruth/2m_deg90_-1.wav,5,2048,0.1,0.1,Unprocessed_ch1,Unprocessed,not_computed_no_clean_reference,,not_computed_run_p808_after_audio_generation,97.0,floor4_real_recording_repeat_table_L2048_rho01_timit_2m_clean_reg0_reg0p1_reg0p2_repeats_1_20_raw_only/2m/reg0p1/timit/sample_2/deg90/clean/repeats_5,4931.0,raw_only,100.0,202.80183320304485,0,,,,,,,,,,,,,,,,,,,,,,
timit,2m,90,2,clean,floor4_room_data/original_10s_wav/2m_deg90_2.wav,floor4_room_data/sweep_groundtruth/2m_deg90_-1.wav,5,2048,0.1,0.1,Unprocessed_ch2,Unprocessed,not_computed_no_clean_reference,,not_computed_run_p808_after_audio_generation,97.0,floor4_real_recording_repeat_table_L2048_rho01_timit_2m_clean_reg0_reg0p1_reg0p2_repeats_1_20_raw_only/2m/reg0p1/timit/sample_2/deg90/clean/repeats_5,4931.0,raw_only,0.5971120156951297,1.9258371617318328,0,,,,,,,,,,,,,,,,,,,,,,
timit,2m,90,2,clean,floor4_room_data/original_10s_wav/2m_deg90_2.wav,floor4_room_data/sweep_groundtruth/2m_deg90_-1.wav,5,2048,0.1,0.1,Unprocessed_ch3,Unprocessed,not_computed_no_clean_reference,,not_computed_run_p808_after_audio_generation,97.0,floor4_real_recording_repeat_table_L2048_rho01_timit_2m_clean_reg0_reg0p1_reg0p2_repeats_1_20_raw_only/2m/reg0p1/timit/sample_2/deg90/clean/repeats_5,4931.0,raw_only,-1.3491786562774122,0.5390890268895965,0,,,,,,,,,,,,,,,,,,,,,,
timit,2m,90,2,clean,floor4_room_data/original_10s_wav/2m_deg90_2.wav,floor4_room_data/sweep_groundtruth/2m_deg90_-1.wav,5,2048,0.1,0.1,Unprocessed_ch4,Unprocessed,not_computed_no_clean_reference,,not_computed_run_p808_after_audio_generation,97.0,floor4_real_recording_repeat_table_L2048_rho01_timit_2m_clean_reg0_reg0p1_reg0p2_repeats_1_20_raw_only/2m/reg0p1/timit/sample_2/deg90/clean/repeats_5,4931.0,raw_only,-2.1594216290095023,0.7331198156652112,0,,,,,,,,,,,,,,,,,,,,,,
timit,2m,90,2,clean,,,5,2048,0.1,0.1,WPE,WPE,not_computed_no_clean_reference,,not_computed_run_p808_after_audio_generation,,/hpc_stor01/home/yujie.xiong_sx/RIR-dereverb+CTF/floor4_real_recording_repeat_table_L2048_rho01_timit_2m_clean_reg0_reg0p1_reg0p2_repeats_1_20_raw_only/2m/reg0p1/timit/sample_2/deg90/clean/repeats_5,,,6.377426960021067,6.347855234600955,0,,,,,37.81503992801299,,,,,clean_observation,0.03948116836302772,0.09730134692900903,0.0038415708600535764,,,,,,50.99426935199881,True,1.0,/hpc_stor01/home/yujie.xiong_sx/RIR-dereverb+CTF/floor4_real_recording_repeat_table_L2048_rho01_timit_2m_clean_reg0_reg0p1_reg0p2_repeats_1_20_raw_only/2m/reg0p1/timit/sample_2/deg90/clean/repeats_1
