Corpus,Distance,Angle_Deg,Sample_ID,Condition,SNR_dB,Noise_Power,Observation_Path,RIR_Path,BCI_Obs_Repeats,BCI_L,BCI_Rho,MINT_Reg,Method,Method_Label,PESQ_Status,PESQ,DNSMOS_P808_Status,Case_Index,Case_Dir,Case_Seed,Saved_Audio,WeakRef_Projection_SDR_dB,WeakRef_SNR_dB,WeakRef_Alignment_Lag,RIR_NPM_dB,RIR_BestNPM_dB,RIR_NPM_aligned_dB,RIR_NPM_alignment_lag,Runtime_sec,BCI_Estimation_Runtime_sec,MINT_Runtime_sec,BCI_Input_Samples,BCI_Update_Blocks,RMS_Scale_Reference,RMS_Scale_Factor,RMS_Before_Scale,Reference_RMS,mint_residual_l2,mint_residual_linf,mint_filter_acond,mint_iterations,Supplement_Runtime_sec,Repeat_Independent_Baseline,Computed_From_Repeat,Computed_From_Case_Dir
timit,1m,90,8,snr10,10.0,4.928076051874086e-07,floor4_room_data/original_10s_wav/1m_deg90_8.wav,floor4_room_data/sweep_groundtruth/1m_deg90_-1.wav,8,2048,0.1,0.1,BCI_ELp_p=1.0,MINT-E$\ell_p$,not_computed_no_clean_reference,,not_computed_run_p808_after_audio_generation,32.0,floor4_real_recording_repeat_table_L2048_rho01_timit_1m_noisy_snr5_10_no_ss_reg0p1_reg0p2_repeats_1_20_raw_only/1m/reg0p1/timit/sample_8/deg90/snr10/repeats_8,10944.0,raw_only,-2.882410144714886,0.5783289075373447,-2,-0.0121979999623248,-0.9206902472114388,-0.0121979999623248,0.0,117.50385499931872,60.0250796219334,13.681907698512076,1280000.0,624.0,noisy_observation,0.9261445137624968,0.0025134633149121,0.0023278302596492,,,,,,,,
timit,1m,90,8,snr10,10.0,4.928076051874086e-07,floor4_room_data/original_10s_wav/1m_deg90_8.wav,floor4_room_data/sweep_groundtruth/1m_deg90_-1.wav,8,2048,0.1,0.1,BCI_Lp_p=1.0,MINT-$\ell_p$,not_computed_no_clean_reference,,not_computed_run_p808_after_audio_generation,32.0,floor4_real_recording_repeat_table_L2048_rho01_timit_1m_noisy_snr5_10_no_ss_reg0p1_reg0p2_repeats_1_20_raw_only/1m/reg0p1/timit/sample_8/deg90/snr10/repeats_8,10944.0,raw_only,-2.8235138401877844,0.605475954971081,-2,-0.0109822039543755,-0.9793920186021382,-0.0109822039543755,0.0,117.50385499931872,60.0250796219334,14.077691685408354,1280000.0,624.0,noisy_observation,0.919906335021995,0.0025305079126273,0.0023278302596492,,,,,,,,
timit,1m,90,8,snr10,10.0,4.928076051874086e-07,floor4_room_data/original_10s_wav/1m_deg90_8.wav,floor4_room_data/sweep_groundtruth/1m_deg90_-1.wav,8,2048,0.1,0.1,BCI_NMCFLMS,MINT-N,not_computed_no_clean_reference,,not_computed_run_p808_after_audio_generation,32.0,floor4_real_recording_repeat_table_L2048_rho01_timit_1m_noisy_snr5_10_no_ss_reg0p1_reg0p2_repeats_1_20_raw_only/1m/reg0p1/timit/sample_8/deg90/snr10/repeats_8,10944.0,raw_only,-5.2385543499551765,-0.3802631810979811,-5,-0.0101980664658782,-0.1055002352603385,-0.0101980664658782,0.0,117.50385499931872,60.0250796219334,16.37105590198189,1280000.0,624.0,noisy_observation,1.002345526669032,0.0023223830482737,0.0023278302596492,,,,,,,,
timit,1m,90,8,snr10,10.0,4.928076051874086e-07,floor4_room_data/original_10s_wav/1m_deg90_8.wav,floor4_room_data/sweep_groundtruth/1m_deg90_-1.wav,8,2048,0.1,0.1,BCI_RNMCFLMS,MINT-R,not_computed_no_clean_reference,,not_computed_run_p808_after_audio_generation,32.0,floor4_real_recording_repeat_table_L2048_rho01_timit_1m_noisy_snr5_10_no_ss_reg0p1_reg0p2_repeats_1_20_raw_only/1m/reg0p1/timit/sample_8/deg90/snr10/repeats_8,10944.0,raw_only,-0.1971632390019548,1.990061611599234,-2,-0.0054321305430392,-1.8200740936935835,-0.0054321305430392,0.0,117.50385499931872,60.0250796219334,13.070419908501208,1280000.0,624.0,noisy_observation,0.8684814022768269,0.0026803455474654,0.0023278302596492,,,,,,,,
timit,1m,90,8,snr10,10.0,,,,8,2048,0.1,0.1,GWPE_K50_d2_i2,GWPE,not_computed_no_clean_reference,,not_computed_run_p808_after_audio_generation,,/hpc_stor01/home/yujie.xiong_sx/RIR-dereverb+CTF/floor4_real_recording_repeat_table_L2048_rho01_timit_1m_noisy_snr5_10_no_ss_reg0p1_reg0p2_repeats_1_20_raw_only/1m/reg0p1/timit/sample_8/deg90/snr10/repeats_8,,,6.6106057894487495,7.007438738563369,0,,,,,10.318363752012374,,,,,noisy_observation,0.04505537091609182,0.051678356801916625,0.00232838753404449,,,,,41.57771736799623,True,1.0,/hpc_stor01/home/yujie.xiong_sx/RIR-dereverb+CTF/floor4_real_recording_repeat_table_L2048_rho01_timit_1m_noisy_snr5_10_no_ss_reg0p1_reg0p2_repeats_1_20_raw_only/1m/reg0p1/timit/sample_8/deg90/snr10/repeats_1
timit,1m,90,8,snr10,10.0,4.928076051874086e-07,floor4_room_data/original_10s_wav/1m_deg90_8.wav,floor4_room_data/sweep_groundtruth/1m_deg90_-1.wav,8,2048,0.1,0.1,Oracle_MINT,MINT-Reference,not_computed_no_clean_reference,,not_computed_run_p808_after_audio_generation,32.0,floor4_real_recording_repeat_table_L2048_rho01_timit_1m_noisy_snr5_10_no_ss_reg0p1_reg0p2_repeats_1_20_raw_only/1m/reg0p1/timit/sample_8/deg90/snr10/repeats_8,10944.0,raw_only,-5.816505392135705,-0.5764089798809084,-10,,,,,16.162506208755076,,16.162506208755076,,,noisy_observation,0.9061654714837404,0.0025688798932469,0.0023278302596492,0.1309576162017057,0.0437452125968925,442.9940751363632,146.0,,,,
timit,1m,90,8,snr10,10.0,4.928076051874086e-07,floor4_room_data/original_10s_wav/1m_deg90_8.wav,floor4_room_data/sweep_groundtruth/1m_deg90_-1.wav,8,2048,0.1,0.1,Unprocessed_ch1,Unprocessed,not_computed_no_clean_reference,,not_computed_run_p808_after_audio_generation,32.0,floor4_real_recording_repeat_table_L2048_rho01_timit_1m_noisy_snr5_10_no_ss_reg0p1_reg0p2_repeats_1_20_raw_only/1m/reg0p1/timit/sample_8/deg90/snr10/repeats_8,10944.0,raw_only,100.0,198.98109999094976,0,,,,,,,,,,,,,,,,,,,,,
timit,1m,90,8,snr10,10.0,4.928076051874086e-07,floor4_room_data/original_10s_wav/1m_deg90_8.wav,floor4_room_data/sweep_groundtruth/1m_deg90_-1.wav,8,2048,0.1,0.1,Unprocessed_ch2,Unprocessed,not_computed_no_clean_reference,,not_computed_run_p808_after_audio_generation,32.0,floor4_real_recording_repeat_table_L2048_rho01_timit_1m_noisy_snr5_10_no_ss_reg0p1_reg0p2_repeats_1_20_raw_only/1m/reg0p1/timit/sample_8/deg90/snr10/repeats_8,10944.0,raw_only,1.801303357282232,3.269151932547013,-1,,,,,,,,,,,,,,,,,,,,,
timit,1m,90,8,snr10,10.0,4.928076051874086e-07,floor4_room_data/original_10s_wav/1m_deg90_8.wav,floor4_room_data/sweep_groundtruth/1m_deg90_-1.wav,8,2048,0.1,0.1,Unprocessed_ch3,Unprocessed,not_computed_no_clean_reference,,not_computed_run_p808_after_audio_generation,32.0,floor4_real_recording_repeat_table_L2048_rho01_timit_1m_noisy_snr5_10_no_ss_reg0p1_reg0p2_repeats_1_20_raw_only/1m/reg0p1/timit/sample_8/deg90/snr10/repeats_8,10944.0,raw_only,1.1574282601927428,2.464664775775089,-2,,,,,,,,,,,,,,,,,,,,,
timit,1m,90,8,snr10,10.0,4.928076051874086e-07,floor4_room_data/original_10s_wav/1m_deg90_8.wav,floor4_room_data/sweep_groundtruth/1m_deg90_-1.wav,8,2048,0.1,0.1,Unprocessed_ch4,Unprocessed,not_computed_no_clean_reference,,not_computed_run_p808_after_audio_generation,32.0,floor4_real_recording_repeat_table_L2048_rho01_timit_1m_noisy_snr5_10_no_ss_reg0p1_reg0p2_repeats_1_20_raw_only/1m/reg0p1/timit/sample_8/deg90/snr10/repeats_8,10944.0,raw_only,1.2929998848480944,3.0523055054340293,-1,,,,,,,,,,,,,,,,,,,,,
timit,1m,90,8,snr10,10.0,,,,8,2048,0.1,0.1,WPE,WPE,not_computed_no_clean_reference,,not_computed_run_p808_after_audio_generation,,/hpc_stor01/home/yujie.xiong_sx/RIR-dereverb+CTF/floor4_real_recording_repeat_table_L2048_rho01_timit_1m_noisy_snr5_10_no_ss_reg0p1_reg0p2_repeats_1_20_raw_only/1m/reg0p1/timit/sample_8/deg90/snr10/repeats_8,,,9.72516881345325,9.76061966974903,0,,,,,31.259340587013867,,,,,noisy_observation,0.03949188601639032,0.05895863097240125,0.00232838753404449,,,,,41.57771736799623,True,1.0,/hpc_stor01/home/yujie.xiong_sx/RIR-dereverb+CTF/floor4_real_recording_repeat_table_L2048_rho01_timit_1m_noisy_snr5_10_no_ss_reg0p1_reg0p2_repeats_1_20_raw_only/1m/reg0p1/timit/sample_8/deg90/snr10/repeats_1
